[{"name":"Administrator","permissions":["nvr:read:*","liveview:create","user:read,write,delete:$","nvr:write,delete:*","group:create,read,write,delete:*","user:create,read,write,delete:*","legacyUFV:read,write,delete:*","bridge:create,read,write,delete:*","camera:create,read,write,delete,readmedia,deletemedia:*","light:create,read,write,delete:*","sensor:create,read,write,delete:*","doorlock:create,read,write,delete:*","viewer:create,read,write,delete:*","display:create,read,write,delete:*","schedule:create,read,write,delete:*","chime:create,read,write,delete:*","deviceGroup:create,read,write,delete:*"],"type":"preset","isDefault":true,"id":"62812b66031a4703e70003eb","modelKey":"group"},{"name":"View Only","permissions":["nvr:read:*","liveview:create","user:read,write,delete:$","bridge:read:*","camera:read,readmedia:*","doorlock:read:*","light:read:*","sensor:read:*","viewer:read:*","display:read:*","chime:read:*","deviceGroup:read:*"],"type":"preset","isDefault":false,"id":"62812b6801ee4703e70003ec","modelKey":"group"}]