[{"timestamp":1667874011201,"memory":{"free":588263424,"rss":178794496,"heapTotal":99741696,"heapUsed":96323160,"external":21485520},"cpus":[{"model":"unknown","speed":0,"times":{"user":531362290,"nice":0,"sys":273708160,"idle":6493161220,"irq":0}},{"model":"unknown","speed":0,"times":{"user":531901850,"nice":0,"sys":276136820,"idle":6495235660,"irq":0}},{"model":"unknown","speed":0,"times":{"user":527662630,"nice":0,"sys":275573520,"idle":6502653700,"irq":0}},{"model":"unknown","speed":0,"times":{"user":510169410,"nice":0,"sys":268767220,"idle":6542864640,"irq":0}}],"id":"6369bcdb00cc3c03e7005cd8","createdAt":"2022-11-08T02:20:11.204Z","updatedAt":"2022-11-08T02:20:11.204Z","stat":1},{"timestamp":1667870410620,"memory":{"free":608776192,"rss":181071872,"heapTotal":99479552,"heapUsed":95758360,"external":21475119},"cpus":[{"model":"unknown","speed":0,"times":{"user":531039250,"nice":0,"sys":273559440,"idle":6490091940,"irq":0}},{"model":"unknown","speed":0,"times":{"user":531562670,"nice":0,"sys":275984300,"idle":6492185500,"irq":0}},{"model":"unknown","speed":0,"times":{"user":527335520,"nice":0,"sys":275426010,"idle":6499582400,"irq":0}},{"model":"unknown","speed":0,"times":{"user":509851900,"nice":0,"sys":268621900,"idle":6539773540,"irq":0}}],"id":"6369aeca026e3c03e7005c9c","createdAt":"2022-11-08T01:20:10.623Z","updatedAt":"2022-11-08T01:20:10.623Z","stat":61},{"timestamp":1667866809980,"memory":{"free":618549248,"rss":179994624,"heapTotal":99217408,"heapUsed":95899264,"external":21459195},"cpus":[{"model":"unknown","speed":0,"times":{"user":530776430,"nice":0,"sys":273424930,"idle":6486943490,"irq":0}},{"model":"unknown","speed":0,"times":{"user":531296430,"nice":0,"sys":275845730,"idle":6489047310,"irq":0}},{"model":"unknown","speed":0,"times":{"user":527075520,"nice":0,"sys":275290310,"idle":6496430810,"irq":0}},{"model":"unknown","speed":0,"times":{"user":509602200,"nice":0,"sys":268488740,"idle":6536603710,"irq":0}}],"id":"6369a0b903d63c03e7005c60","createdAt":"2022-11-08T00:20:09.983Z","updatedAt":"2022-11-08T00:20:09.983Z","stat":121},{"timestamp":1667863209362,"memory":{"free":634396672,"rss":181329920,"heapTotal":98955264,"heapUsed":95269672,"external":21467082},"cpus":[{"model":"unknown","speed":0,"times":{"user":530506100,"nice":0,"sys":273287830,"idle":6483801580,"irq":0}},{"model":"unknown","speed":0,"times":{"user":531031340,"nice":0,"sys":275706930,"idle":6485911320,"irq":0}},{"model":"unknown","speed":0,"times":{"user":526816880,"nice":0,"sys":275154450,"idle":6493278650,"irq":0}},{"model":"unknown","speed":0,"times":{"user":509349470,"nice":0,"sys":268351420,"idle":6533442290,"irq":0}}],"id":"636992a9016d3c03e7005c24","createdAt":"2022-11-07T23:20:09.365Z","updatedAt":"2022-11-07T23:20:09.365Z","stat":181},{"timestamp":1667859608784,"memory":{"free":643387392,"rss":179961856,"heapTotal":99217408,"heapUsed":96022504,"external":21467536},"cpus":[{"model":"unknown","speed":0,"times":{"user":530243540,"nice":0,"sys":273155660,"idle":6480649400,"irq":0}},{"model":"unknown","speed":0,"times":{"user":530767110,"nice":0,"sys":275569420,"idle":6482773760,"irq":0}},{"model":"unknown","speed":0,"times":{"user":526556470,"nice":0,"sys":275019030,"idle":6490127070,"irq":0}},{"model":"unknown","speed":0,"times":{"user":509098480,"nice":0,"sys":268216670,"idle":6530273720,"irq":0}}],"id":"6369849803153c03e7005be8","createdAt":"2022-11-07T22:20:08.790Z","updatedAt":"2022-11-07T22:20:08.790Z","stat":241},{"timestamp":1667856008104,"memory":{"free":668213248,"rss":179826688,"heapTotal":98693120,"heapUsed":95141760,"external":21475158},"cpus":[{"model":"unknown","speed":0,"times":{"user":529975730,"nice":0,"sys":273020200,"idle":6477510060,"irq":0}},{"model":"unknown","speed":0,"times":{"user":530500710,"nice":0,"sys":275429900,"idle":6479634270,"irq":0}},{"model":"unknown","speed":0,"times":{"user":526288380,"nice":0,"sys":274882800,"idle":6486986250,"irq":0}},{"model":"unknown","speed":0,"times":{"user":508841630,"nice":0,"sys":268081230,"idle":6527113330,"irq":0}}],"id":"63697688006b3c03e7005bac","createdAt":"2022-11-07T21:20:08.107Z","updatedAt":"2022-11-07T21:20:08.107Z","stat":301},{"timestamp":1667852407521,"memory":{"free":660013056,"rss":181665792,"heapTotal":99217408,"heapUsed":95462464,"external":21491505},"cpus":[{"model":"unknown","speed":0,"times":{"user":529706710,"nice":0,"sys":272886880,"idle":6474376700,"irq":0}},{"model":"unknown","speed":0,"times":{"user":530236030,"nice":0,"sys":275291170,"idle":6476492410,"irq":0}},{"model":"unknown","speed":0,"times":{"user":526025880,"nice":0,"sys":274742960,"idle":6483843460,"irq":0}},{"model":"unknown","speed":0,"times":{"user":508586850,"nice":0,"sys":267944930,"idle":6523949310,"irq":0}}],"id":"63696877020c3c03e7005b70","createdAt":"2022-11-07T20:20:07.524Z","updatedAt":"2022-11-07T20:20:07.524Z","stat":361},{"timestamp":1667848806866,"memory":{"free":649347072,"rss":181551104,"heapTotal":98955264,"heapUsed":95696160,"external":21441475},"cpus":[{"model":"unknown","speed":0,"times":{"user":529444840,"nice":0,"sys":272753040,"idle":6471242160,"irq":0}},{"model":"unknown","speed":0,"times":{"user":529968790,"nice":0,"sys":275152330,"idle":6473361100,"irq":0}},{"model":"unknown","speed":0,"times":{"user":525766430,"nice":0,"sys":274605450,"idle":6480696860,"irq":0}},{"model":"unknown","speed":0,"times":{"user":508330710,"nice":0,"sys":267810870,"idle":6520784310,"irq":0}}],"id":"63695a6603663c03e7005b34","createdAt":"2022-11-07T19:20:06.870Z","updatedAt":"2022-11-07T19:20:06.870Z","stat":421},{"timestamp":1667845206289,"memory":{"free":702689280,"rss":181387264,"heapTotal":98430976,"heapUsed":94681248,"external":21433829},"cpus":[{"model":"unknown","speed":0,"times":{"user":529189310,"nice":0,"sys":272618700,"idle":6468102590,"irq":0}},{"model":"unknown","speed":0,"times":{"user":529709690,"nice":0,"sys":275016900,"idle":6470210900,"irq":0}},{"model":"unknown","speed":0,"times":{"user":525499880,"nice":0,"sys":274464350,"idle":6477562000,"irq":0}},{"model":"unknown","speed":0,"times":{"user":508084590,"nice":0,"sys":267679750,"idle":6517613670,"irq":0}}],"id":"63694c5601253c03e7005af8","createdAt":"2022-11-07T18:20:06.293Z","updatedAt":"2022-11-07T18:20:06.293Z","stat":481},{"timestamp":1667841605666,"memory":{"free":683450368,"rss":180326400,"heapTotal":98430976,"heapUsed":95000272,"external":21459031},"cpus":[{"model":"unknown","speed":0,"times":{"user":528927110,"nice":0,"sys":272478520,"idle":6464970480,"irq":0}},{"model":"unknown","speed":0,"times":{"user":529449670,"nice":0,"sys":274880550,"idle":6467063300,"irq":0}},{"model":"unknown","speed":0,"times":{"user":525239160,"nice":0,"sys":274328310,"idle":6474411670,"irq":0}},{"model":"unknown","speed":0,"times":{"user":507827220,"nice":0,"sys":267542660,"idle":6514458270,"irq":0}}],"id":"63693e45029c3c03e7005abc","createdAt":"2022-11-07T17:20:05.669Z","updatedAt":"2022-11-07T17:20:05.669Z","stat":541},{"timestamp":1667838005038,"memory":{"free":710471680,"rss":180584448,"heapTotal":97906688,"heapUsed":94982568,"external":21449819},"cpus":[{"model":"unknown","speed":0,"times":{"user":528664750,"nice":0,"sys":272340490,"idle":6461840970,"irq":0}},{"model":"unknown","speed":0,"times":{"user":529179980,"nice":0,"sys":274740030,"idle":6463930900,"irq":0}},{"model":"unknown","speed":0,"times":{"user":524978340,"nice":0,"sys":274191210,"idle":6471268770,"irq":0}},{"model":"unknown","speed":0,"times":{"user":507567710,"nice":0,"sys":267408260,"idle":6511299950,"irq":0}}],"id":"63693035002a3c03e7005a80","createdAt":"2022-11-07T16:20:05.043Z","updatedAt":"2022-11-07T16:20:05.043Z","stat":601},{"timestamp":1667834404497,"memory":{"free":732934144,"rss":178634752,"heapTotal":98168832,"heapUsed":94280344,"external":21466348},"cpus":[{"model":"unknown","speed":0,"times":{"user":528401050,"nice":0,"sys":272203350,"idle":6458708720,"irq":0}},{"model":"unknown","speed":0,"times":{"user":528912170,"nice":0,"sys":274604350,"idle":6460791780,"irq":0}},{"model":"unknown","speed":0,"times":{"user":524717440,"nice":0,"sys":274054640,"idle":6468120130,"irq":0}},{"model":"unknown","speed":0,"times":{"user":507306310,"nice":0,"sys":267272200,"idle":6508147090,"irq":0}}],"id":"6369222401f43c03e7005a44","createdAt":"2022-11-07T15:20:04.501Z","updatedAt":"2022-11-07T15:20:04.501Z","stat":661},{"timestamp":1667830803886,"memory":{"free":743395328,"rss":179998720,"heapTotal":98168832,"heapUsed":94194736,"external":21512126},"cpus":[{"model":"unknown","speed":0,"times":{"user":528134610,"nice":0,"sys":272068140,"idle":6455574080,"irq":0}},{"model":"unknown","speed":0,"times":{"user":528644410,"nice":0,"sys":274463980,"idle":6457658010,"irq":0}},{"model":"unknown","speed":0,"times":{"user":524450230,"nice":0,"sys":273919070,"idle":6464973930,"irq":0}},{"model":"unknown","speed":0,"times":{"user":507049720,"nice":0,"sys":267134510,"idle":6504983320,"irq":0}}],"id":"6369141303793c03e7005a08","createdAt":"2022-11-07T14:20:03.889Z","updatedAt":"2022-11-07T14:20:03.889Z","stat":721},{"timestamp":1667827203296,"memory":{"free":678113280,"rss":179408896,"heapTotal":97906688,"heapUsed":94170016,"external":21525831},"cpus":[{"model":"unknown","speed":0,"times":{"user":527874190,"nice":0,"sys":271935620,"idle":6452421640,"irq":0}},{"model":"unknown","speed":0,"times":{"user":528374570,"nice":0,"sys":274327360,"idle":6454520120,"irq":0}},{"model":"unknown","speed":0,"times":{"user":524192030,"nice":0,"sys":273785890,"idle":6461819520,"irq":0}},{"model":"unknown","speed":0,"times":{"user":506795110,"nice":0,"sys":267003520,"idle":6501816390,"irq":0}}],"id":"63690603012b3c03e70059cc","createdAt":"2022-11-07T13:20:03.300Z","updatedAt":"2022-11-07T13:20:03.300Z","stat":781},{"timestamp":1667823603273,"memory":{"free":619454464,"rss":180146176,"heapTotal":97906688,"heapUsed":94809472,"external":21593360},"cpus":[{"model":"unknown","speed":0,"times":{"user":527610190,"nice":0,"sys":271803540,"idle":6449269220,"irq":0}},{"model":"unknown","speed":0,"times":{"user":528103100,"nice":0,"sys":274188370,"idle":6451387970,"irq":0}},{"model":"unknown","speed":0,"times":{"user":523933720,"nice":0,"sys":273649660,"idle":6458668610,"irq":0}},{"model":"unknown","speed":0,"times":{"user":506550870,"nice":0,"sys":266874860,"idle":6498631060,"irq":0}}],"id":"6368f7f301153c03e7005990","createdAt":"2022-11-07T12:20:03.278Z","updatedAt":"2022-11-07T12:20:03.278Z","stat":841},{"timestamp":1667820003246,"memory":{"free":554917888,"rss":179589120,"heapTotal":97906688,"heapUsed":94353768,"external":21378246},"cpus":[{"model":"unknown","speed":0,"times":{"user":527351020,"nice":0,"sys":271668400,"idle":6446117360,"irq":0}},{"model":"unknown","speed":0,"times":{"user":527838510,"nice":0,"sys":274051590,"idle":6448246380,"irq":0}},{"model":"unknown","speed":0,"times":{"user":523672020,"nice":0,"sys":273513230,"idle":6455518670,"irq":0}},{"model":"unknown","speed":0,"times":{"user":506298300,"nice":0,"sys":266744550,"idle":6495458030,"irq":0}}],"id":"6368e9e300f83c03e7005954","createdAt":"2022-11-07T11:20:03.249Z","updatedAt":"2022-11-07T11:20:03.249Z","stat":901},{"timestamp":1667816403206,"memory":{"free":527306752,"rss":177647616,"heapTotal":97644544,"heapUsed":94014576,"external":21477088},"cpus":[{"model":"unknown","speed":0,"times":{"user":527083930,"nice":0,"sys":271533420,"idle":6442976370,"irq":0}},{"model":"unknown","speed":0,"times":{"user":527573350,"nice":0,"sys":273917390,"idle":6445103420,"irq":0}},{"model":"unknown","speed":0,"times":{"user":523408850,"nice":0,"sys":273376070,"idle":6452371730,"irq":0}},{"model":"unknown","speed":0,"times":{"user":506039760,"nice":0,"sys":266614930,"idle":6492290150,"irq":0}}],"id":"6368dbd300d13c03e7005918","createdAt":"2022-11-07T10:20:03.210Z","updatedAt":"2022-11-07T10:20:03.210Z","stat":961},{"timestamp":1667812803182,"memory":{"free":445059072,"rss":181649408,"heapTotal":97382400,"heapUsed":93772672,"external":21369727},"cpus":[{"model":"unknown","speed":0,"times":{"user":526827840,"nice":0,"sys":271401790,"idle":6439814530,"irq":0}},{"model":"unknown","speed":0,"times":{"user":527302150,"nice":0,"sys":273779040,"idle":6441969950,"irq":0}},{"model":"unknown","speed":0,"times":{"user":523149820,"nice":0,"sys":273241050,"idle":6449219160,"irq":0}},{"model":"unknown","speed":0,"times":{"user":505790840,"nice":0,"sys":266478450,"idle":6489121620,"irq":0}}],"id":"6368cdc300b93c03e70058dc","createdAt":"2022-11-07T09:20:03.185Z","updatedAt":"2022-11-07T09:20:03.185Z","stat":1021},{"timestamp":1667809203155,"memory":{"free":374419456,"rss":180633600,"heapTotal":97644544,"heapUsed":94110328,"external":21444739},"cpus":[{"model":"unknown","speed":0,"times":{"user":526573900,"nice":0,"sys":271267390,"idle":6436655310,"irq":0}},{"model":"unknown","speed":0,"times":{"user":527036310,"nice":0,"sys":273641820,"idle":6438833480,"irq":0}},{"model":"unknown","speed":0,"times":{"user":522891210,"nice":0,"sys":273103090,"idle":6446069260,"irq":0}},{"model":"unknown","speed":0,"times":{"user":505535910,"nice":0,"sys":266342560,"idle":6485957210,"irq":0}}],"id":"6368bfb300a03c03e70058a0","createdAt":"2022-11-07T08:20:03.161Z","updatedAt":"2022-11-07T08:20:03.161Z","stat":1081},{"timestamp":1667805603128,"memory":{"free":362467328,"rss":180625408,"heapTotal":97120256,"heapUsed":93758152,"external":21435530},"cpus":[{"model":"unknown","speed":0,"times":{"user":526308210,"nice":0,"sys":271131520,"idle":6433512610,"irq":0}},{"model":"unknown","speed":0,"times":{"user":526772410,"nice":0,"sys":273503540,"idle":6435686020,"irq":0}},{"model":"unknown","speed":0,"times":{"user":522636460,"nice":0,"sys":272968210,"idle":6442910990,"irq":0}},{"model":"unknown","speed":0,"times":{"user":505282540,"nice":0,"sys":266206610,"idle":6482796330,"irq":0}}],"id":"6368b1a300823c03e7005864","createdAt":"2022-11-07T07:20:03.131Z","updatedAt":"2022-11-07T07:20:03.131Z","stat":1141},{"timestamp":1667802003109,"memory":{"free":376270848,"rss":178077696,"heapTotal":96595968,"heapUsed":93297456,"external":21443913},"cpus":[{"model":"unknown","speed":0,"times":{"user":526047420,"nice":0,"sys":270997280,"idle":6430367810,"irq":0}},{"model":"unknown","speed":0,"times":{"user":526514730,"nice":0,"sys":273369320,"idle":6432536710,"irq":0}},{"model":"unknown","speed":0,"times":{"user":522376830,"nice":0,"sys":272830160,"idle":6439762000,"irq":0}},{"model":"unknown","speed":0,"times":{"user":505028680,"nice":0,"sys":266072580,"idle":6479625450,"irq":0}}],"id":"6368a39300703c03e7005828","createdAt":"2022-11-07T06:20:03.112Z","updatedAt":"2022-11-07T06:20:03.112Z","stat":1201},{"timestamp":1667798403083,"memory":{"free":353443840,"rss":178434048,"heapTotal":97120256,"heapUsed":93190720,"external":21435685},"cpus":[{"model":"unknown","speed":0,"times":{"user":525788540,"nice":0,"sys":270863300,"idle":6427215230,"irq":0}},{"model":"unknown","speed":0,"times":{"user":526257370,"nice":0,"sys":273232610,"idle":6429386380,"irq":0}},{"model":"unknown","speed":0,"times":{"user":522111350,"nice":0,"sys":272696490,"idle":6436615580,"irq":0}},{"model":"unknown","speed":0,"times":{"user":504782790,"nice":0,"sys":265941380,"idle":6476448280,"irq":0}}],"id":"6368958300563c03e70057ec","createdAt":"2022-11-07T05:20:03.087Z","updatedAt":"2022-11-07T05:20:03.087Z","stat":1261},{"timestamp":1667794803060,"memory":{"free":372002816,"rss":178515968,"heapTotal":97120256,"heapUsed":93895448,"external":21420108},"cpus":[{"model":"unknown","speed":0,"times":{"user":525528310,"nice":0,"sys":270725190,"idle":6424070820,"irq":0}},{"model":"unknown","speed":0,"times":{"user":525997570,"nice":0,"sys":273096490,"idle":6426235640,"irq":0}},{"model":"unknown","speed":0,"times":{"user":521855920,"nice":0,"sys":272560750,"idle":6433460010,"irq":0}},{"model":"unknown","speed":0,"times":{"user":504532590,"nice":0,"sys":265806160,"idle":6473277560,"irq":0}}],"id":"6368877300423c03e70057ae","createdAt":"2022-11-07T04:20:03.066Z","updatedAt":"2022-11-07T04:20:03.066Z","stat":1321},{"timestamp":1667791203035,"memory":{"free":404447232,"rss":177176576,"heapTotal":96858112,"heapUsed":93057824,"external":21444212},"cpus":[{"model":"unknown","speed":0,"times":{"user":525264670,"nice":0,"sys":270587770,"idle":6420929980,"irq":0}},{"model":"unknown","speed":0,"times":{"user":525738420,"nice":0,"sys":272959650,"idle":6423086140,"irq":0}},{"model":"unknown","speed":0,"times":{"user":521592970,"nice":0,"sys":272420920,"idle":6430315340,"irq":0}},{"model":"unknown","speed":0,"times":{"user":504282320,"nice":0,"sys":265672830,"idle":6470109410,"irq":0}}],"id":"6368796300263c03e7005772","createdAt":"2022-11-07T03:20:03.039Z","updatedAt":"2022-11-07T03:20:03.039Z","stat":1381}]