[{"permissions":[],"lastLoginIp":null,"lastLoginTime":null,"isOwner":true,"enableNotifications":false,"settings":null,"groups":["62812b66031a4703e70003eb"],"location":{"isAway":true,"latitude":null,"longitude":null},"alertRules":[],"notificationsV2":{"state":"auto","motionNotifications":{"trigger":{"when":"inherit","location":"away","sendAnyway":false,"schedules":[]},"cameras":[],"doorbells":[],"lights":[],"doorlocks":[],"sensors":[]},"systemNotifications":{}},"featureFlags":{"notificationsV2":false},"id":"62bdbabf03398603e7002ff5","hasAcceptedInvite":true,"allPermissions":["nvr:read:*","liveview:create","user:read,write,delete:$","nvr:write,delete:*","group:create,read,write,delete:*","user:create,read,write,delete:*","legacyUFV:read,write,delete:*","bridge:create,read,write,delete:*","camera:create,read,write,delete,readmedia,deletemedia:*","light:create,read,write,delete:*","sensor:create,read,write,delete:*","doorlock:create,read,write,delete:*","viewer:create,read,write,delete:*","display:create,read,write,delete:*","schedule:create,read,write,delete:*","chime:create,read,write,delete:*","deviceGroup:create,read,write,delete:*"],"scopes":["write:protect.viewer","write:protect.user:$","write:protect.user","write:protect.sensor","write:protect.schedule","write:protect.nvr","write:protect.light","write:protect.legacyUFV","write:protect.group","write:protect.doorlock","write:protect.display","write:protect.deviceGroup","write:protect.chime","write:protect.camera","write:protect.bridge","view:user_timezone","view:user","view:systemlog","view:system_info","view:sso","view:settings","view:role:viewer","view:role:admin","view:role","view:permission:viewer","view:permission:super_admin","view:permission:owner","view:permission:admin","view:permission","view:notification","view:location_policy","view:location_device","view:location_activity","view:location","view:holiday_timezone","view:holiday","view:group","view:door_group","view:controller:uid-agent","view:controller:talk","view:controller:protect","view:controller:network","view:controller:led","view:controller:connect","view:controller:access","view:controller","view:cloud_access","view:backup","view:app:users","view:app:settings","view:app:locations","view:access:user","view:access.visitor","view:access.systemlog","view:access.settings","view:access.schedule","view:access.policy","view:access.pin_code","view:access.nfc_card","view:access.face","view:access.device","view:access.dashboard","update:access.device","systemlog:user","systemlog:system","systemlog:location","systemlog:access","readmedia:protect.camera","read:protect.viewer","read:protect.user:$","read:protect.user","read:protect.sensor","read:protect.schedule","read:protect.nvr","read:protect.light","read:protect.legacyUFV","read:protect.group","read:protect.doorlock","read:protect.display","read:protect.deviceGroup","read:protect.chime","read:protect.camera","read:protect.bridge","open:door","notify:user","notify:talk","notify:protect","notify:network","notify:location","notify:led","notify:access","manage:controller:talk","manage:controller:network","manage:controller:led","manage:controller:connect","manage:controller:access","manage:controller","edit:user_timezone","edit:user_credential","edit:user","edit:unifi-os:user","edit:systemlog","edit:system_info","edit:sso","edit:settings","edit:role:viewer","edit:role:admin","edit:role","edit:permission:viewer","edit:permission:super_admin","edit:permission:owner","edit:permission:admin","edit:permission","edit:os-settings:update_install","edit:os-settings:update_channel","edit:os-settings:transfer_owner","edit:os-settings:support_file","edit:os-settings:ssh","edit:os-settings:send_diagnostics","edit:os-settings:restart","edit:os-settings:reset","edit:os-settings:remote_access","edit:os-settings:raid","edit:os-settings:poweroff","edit:os-settings:notify","edit:os-settings:hotspare","edit:os-settings:general","edit:os-settings:client_network","edit:os-settings:backup","edit:os-settings:auto_update","edit:notification","edit:location_policy","edit:location_device","edit:location_activity","edit:location","edit:holiday_timezone","edit:holiday","edit:group","edit:feedback","edit:door_group","edit:controller:uid-agent","edit:cloud_access","edit:backup","edit:access:user","edit:access.visitor","edit:access.settings","edit:access.schedule","edit:access.policy","edit:access.pin_code","edit:access.nfc_card","edit:access.face","edit:access.device","deletemedia:protect.camera","delete:protect.viewer","delete:protect.user:$","delete:protect.user","delete:protect.sensor","delete:protect.schedule","delete:protect.nvr","delete:protect.light","delete:protect.legacyUFV","delete:protect.group","delete:protect.doorlock","delete:protect.display","delete:protect.deviceGroup","delete:protect.chime","delete:protect.camera","delete:protect.bridge","delete:access.device","create:protect.viewer","create:protect.user","create:protect.sensor","create:protect.schedule","create:protect.liveview","create:protect.light","create:protect.group","create:protect.doorlock","create:protect.display","create:protect.deviceGroup","create:protect.chime","create:protect.camera","create:protect.bridge","cloud_access:system","cloud_access:controller","assign:role_super_admin","assign:role:viewer","assign:role:admin","assign:role","adopt:access.device","access.open_door:location","access.open_door:floor","access.open_door:door_group","access.open_door:door","access.open_door:building"],"name":"UniFi User","firstName":"UniFi","lastName":"User","modelKey":"user"}]